link,adresse,rent,rooms,size
https://www.immowelt.de/expose/2aqr554,Berlin (Kreuzberg),620 €,3 Zi.,83 m²
https://www.immowelt.de/expose/2abw253,Berlin (Friedrichshain),503 €,2.5 Zi.,55 m²
https://www.immowelt.de/expose/2a79752,"Stralauer Allee 14a, Berlin (Friedrichshain)",1.750 €,2 Zi.,59 m²
https://www.immowelt.de/expose/2akzn54,Berlin (Charlottenburg),1.340 €,2 Zi.,85.07 m²
https://www.immowelt.de/expose/29yzr5s,Berlin (Neukölln),3.258 €,4 Zi.,181.95 m²
https://www.immowelt.de/expose/27xsw57,"Mühlenstraße 20, Berlin (Friedrichshain)",2.000 €,2 Zi.,55 m²
https://www.immowelt.de/expose/25k6v5z,"Mühlenstraße 20, Berlin (Friedrichshain)",1.950 €,2 Zi.,54 m²
https://www.immowelt.de/expose/27jyd5w,"Stralauer Allee 5, Berlin (Friedrichshain)",2.050 €,2 Zi.,63 m²
https://www.immowelt.de/expose/28u6q5p,"Großbeerenstraße 13, Berlin (Kreuzberg)",2.600 €,3 Zi.,115 m²
https://www.immowelt.de/expose/2a24255,"Wichmannstraße 4, Berlin (Tiergarten)",1.000 €,3 Zi.,70 m²
https://www.immowelt.de/expose/2ar8355,"Stellingdamm 9, Berlin (Köpenick)","723,20 €",2 Zi.,58.79 m²
https://www.immowelt.de/expose/2ak8k54,"Gleimstraße 41, Berlin (Prenzlauer Berg)",auf Anfrage,1 Zi.,32.33 m²
https://www.immowelt.de/expose/2abzt53,"Chausseestraße 36, Berlin (Mitte)",2.810 €,3 Zi.,112 m²
https://www.immowelt.de/expose/2adc254,"Dennewitzstr. 42, Berlin (Schöneberg)",2.120 €,2 Zi.,86.45 m²
https://www.immowelt.de/expose/2a8wz53,"Dennewitzstr. 41, Berlin (Schöneberg)",2.590 €,4 Zi.,103.32 m²
https://www.immowelt.de/expose/2araj53,"Wittelsbacherstr. 50, Berlin (Lichtenrade)","759,03 €",3 Zi.,78.77 m²
https://www.immowelt.de/expose/2ansg53,"Welfenallee 54, Berlin (Frohnau)",1.303 €,3 Zi.,100.16 m²
https://www.immowelt.de/expose/2ath853,"Rosenfelder Ring 162, Berlin (Friedrichsfelde)","1.219,69 €",2 Zi.,65.955 m²
https://www.immowelt.de/expose/2apwr52,"Forkenzeile 22, Berlin (Karow)","860,72 €",4 Zi.,92.65 m²
https://www.immowelt.de/expose/2aaed52,"Hauptstr. 48, Berlin (Wilhelmsruh)",1.500 €,2 Zi.,58 m²
https://www.immowelt.de/expose/28txw5g,"Jablonskistr 5, Berlin (Prenzlauer Berg)",2.600 €,3 Zi.,110 m²
https://www.immowelt.de/expose/29qxm5n,"Am Dachsbau 58, Berlin (Heiligensee)",1.550 €,4.5 Zi.,121 m²
https://www.immowelt.de/expose/29p8w5z,"Rue Montesquieu 21, Berlin (Waidmannslust)",1.650 €,3 Zi.,82 m²
https://www.immowelt.de/expose/29cmg5z,"Frankfurter Allee 55A, Berlin (Friedrichshain)",1.100 €,1 Zi.,52.38 m²
https://www.immowelt.de/expose/29f9c5z,"Pembabogen 17, Berlin (Spandau)",1.400 €,2 Zi.,79.2 m²
https://www.immowelt.de/expose/29nya5z,"Pembabogen 17, Berlin (Spandau)",1.554 €,3 Zi.,88.8 m²
https://www.immowelt.de/expose/2x23s4w,"Kalvinistenweg 48, Berlin (Französisch Buchholz)",1.300 €,3 Zi.,71 m²
https://www.immowelt.de/expose/293hu5y,"Chausseestraße 41A, Berlin (Mitte)","2.574,70 €",5 Zi.,151.86 m²
https://www.immowelt.de/expose/29ktk5y,"Brandenburgische Straße 53, Berlin (Wilmersdorf)",2.500 €,3 Zi.,104 m²
https://www.immowelt.de/expose/29a7k5y,Berlin (Lichtenberg),2.690 €,4 Zi.,102.4 m²
https://www.immowelt.de/expose/28dsa5t,"Nalepastraße 222, Berlin (Oberschöneweide)",750 €,1 Zi.,23.66 m²
https://www.immowelt.de/expose/27b7f5q,"Nalepastraße 222, Berlin (Oberschöneweide)",650 €,1 Zi.,21.65 m²
https://www.immowelt.de/expose/2895d5t,"Nalepastraße 222, Berlin (Oberschöneweide)",1.000 €,2 Zi.,38.82 m²
https://www.immowelt.de/expose/296jv5x,"Teutonenstr. 10, Berlin (Altglienicke)",1.800 €,4 Zi.,101.35 m²
https://www.immowelt.de/expose/28sgx5e,"Ehrenbergstr. 5, Berlin (Friedrichshain)",2.800 €,3 Zi.,93 m²
https://www.immowelt.de/expose/29qy55v,"Paulstrasse 9, Berlin (Moabit)",1.200 €,2 Zi.,60 m²
https://www.immowelt.de/expose/2ekud4r,"Harry-S-Trumanallee 10, Berlin (Lichterfelde)",1.390 €,2 Zi.,51.5 m²
https://www.immowelt.de/expose/29lyu5r,"Heisenbergstraße 7, Berlin (Charlottenburg)",4.000 €,4 Zi.,118 m²
https://www.immowelt.de/expose/29v365e,"Müggelseedamm 270, Berlin (Friedrichshagen)","8.274,60 €",8 Zi.,275.82 m²
https://www.immowelt.de/expose/29etb5r,"Hedwig-Porschütz-Straße 8, Berlin (Mitte)",2.353 €,4 Zi.,122.83 m²
https://www.immowelt.de/expose/2azlj52,"Südekumzeile 26a, Berlin (Spandau)","771,23 €",2.5 Zi.,70.82 m²
https://www.immowelt.de/expose/29d3b5b,"Zerbster Str. 50, Berlin (Lichterfelde)","1.999,80 €",4.5 Zi.,165 m²
https://www.immowelt.de/expose/28uts5e,"Stralauer Allee 13, Berlin (Friedrichshain)",2.440 €,3 Zi.,85 m²
https://www.immowelt.de/expose/268ya5j,"Skalitzer Str. 74 A, Berlin (Kreuzberg)",2.000 €,2 Zi.,77 m²
https://www.immowelt.de/expose/27p6h56,"Genthiner Strasse 49, Berlin (Tiergarten)",3.250 €,4 Zi.,111 m²
https://www.immowelt.de/expose/28q7k55,"Mühlenstraße 20, Berlin (Friedrichshain)",2.150 €,2 Zi.,60 m²
https://www.immowelt.de/expose/292cj5m,"Zähringerstraße 31, Berlin (Wilmersdorf)",2.670 €,3 Zi.,107 m²
https://www.immowelt.de/expose/28lh65w,"Düsseldorfer Str. 49, Berlin (Wilmersdorf)",2.380 €,3 Zi.,97 m²
https://www.immowelt.de/expose/27wme5x,"Cora-Berliner-Str. 1, Berlin (Mitte)",3.500 €,2 Zi.,68.63 m²
https://www.immowelt.de/expose/27z2d5x,"Cora-Berliner-Str. 1, Berlin (Mitte)",2.650 €,2 Zi.,62 m²
https://www.immowelt.de/expose/25qnq53,"Am Köllnischen Park 17, Berlin (Mitte)",2.000 €,2 Zi.,55 m²
https://www.immowelt.de/expose/27ylv57,"Krumme Str. 54, Berlin (Charlottenburg)",2.550 €,3 Zi.,78 m²
https://www.immowelt.de/expose/26b465g,"Lützowstrasse 111b,, Berlin (Tiergarten)",2.130 €,2 Zi.,68 m²
https://www.immowelt.de/expose/24n5q5t,"Am Köllnischen Park 17, Berlin (Mitte)",1.950 €,2 Zi.,55 m²
https://www.immowelt.de/expose/23egp4l,"Groenerstraße 6, Berlin (Spandau)","910,03 €",3 Zi.,82.73 m²
https://www.immowelt.de/expose/2a5ag54,"Pfalzburger Straße 57, Berlin (Wilmersdorf)","904,95 €",2.5 Zi.,60.33 m²
https://www.immowelt.de/expose/2akb553,"Wilhelmstraße 137, Berlin (Spandau)","778,86 €",1 Zi.,43.27 m²
https://www.immowelt.de/expose/29zts5z,"Rennbahnstrasse 26, Berlin (Weißensee)",2.730 €,5 Zi.,171 m²
https://www.immowelt.de/expose/29j6s5y,"Vopeliuspfad 10, Berlin (Zehlendorf)",1.750 €,,120 m²
https://www.immowelt.de/expose/292v45t,"Finnländische Str. 7, Berlin (Prenzlauer Berg)",2.500 €,5 Zi.,148.7 m²
https://www.immowelt.de/expose/29nrv5j,Berlin (Dahlem),3.100 €,5 Zi.,185 m²
https://www.immowelt.de/expose/29f7u59,Berlin (Spandau),auf Anfrage,1 Zi.,70 m²
https://www.immowelt.de/expose/2ybne47,"Charlottenstraße 12 c, Berlin (Köpenick)",1.294 €,3 Zi.,99 m²
https://www.immowelt.de/expose/2sghj4b,"Klistostraße 15, Berlin (Zehlendorf)",395 €,1 Zi.,39.58 m²
https://www.immowelt.de/expose/2cskg4q,"Johannes-Sasse-Ring 65, Berlin (Johannisthal)",768 €,3 Zi.,80.4 m²
https://www.immowelt.de/expose/2afe955,"Ulmenallee 53, Berlin (Westend)",620 €,2 Zi.,51 m²
https://www.immowelt.de/expose/2ad3955,"Kaiserin-Augusta-Allee 102, Berlin (Moabit)",607 €,2 Zi.,58.66 m²
https://www.immowelt.de/expose/2a53955,"Arnold-Zweig-Straße 33, Berlin (Pankow)","1.156,17 €",3 Zi.,87 m²
https://www.immowelt.de/expose/2a43955,"Otto-Ostrowski-Straße 35, Berlin (Prenzlauer Berg)","838,41 €",2 Zi.,62 m²
https://www.immowelt.de/expose/2ayz855,"Stellingdamm 11, Berlin (Köpenick)","799,50 €",2 Zi.,65 m²
https://www.immowelt.de/expose/2are855,Berlin (Schöneberg),1.200 €,2 Zi.,97 m²
https://www.immowelt.de/expose/2a3t755,Berlin (Neukölln),925 €,2 Zi.,58 m²
https://www.immowelt.de/expose/2a7k655,"Falkenseer Chaussee 204, Berlin (Spandau)","473,59 €",2 Zi.,56.99 m²
https://www.immowelt.de/expose/2ay8555,"Frankenallee 14, Berlin (Westend)","1.539,42 €",3 Zi.,99 m²
https://www.immowelt.de/expose/29mkb5x,Berlin (Steglitz),1.600 €,1.5 Zi.,58 m²
https://www.immowelt.de/expose/29eje5x,"Treskowstr. 22, Berlin (Heinersdorf)",1.200 €,1 Zi.,41.86 m²
https://www.immowelt.de/expose/2am5455,Berlin (Wedding),970 €,2 Zi.,75 m²
https://www.immowelt.de/expose/2auh255,Berlin (Köpenick),1.850 €,2 Zi.,89 m²
https://www.immowelt.de/expose/2aslz54,Berlin (Westend),4.500 €,5 Zi.,187 m²
https://www.immowelt.de/expose/2acuy54,"chausseestr. 37, Berlin (Mitte)",3.300 €,3 Zi.,110 m²
https://www.immowelt.de/expose/2ajay54,"La-Rochelle-Straße 85, Berlin (Französisch Buchholz)",1.149 €,3 Zi.,76.25 m²
https://www.immowelt.de/expose/2ahyx54,Berlin (Mitte),1.100 €,2 Zi.,88 m²
https://www.immowelt.de/expose/2artx54,"Gustav-Tempel-Straße 8, Berlin (Alt-Hohenschönhausen)",2.839 €,3 Zi.,109.2 m²
https://www.immowelt.de/expose/2ayuw54,"Zossener Straße 152, Berlin (Hellersdorf)","591,20 €",1 Zi.,50.53 m²
https://www.immowelt.de/expose/2asuw54,"Zossener Straße 152, Berlin (Hellersdorf)","472,20 €",1 Zi.,42.35 m²
https://www.immowelt.de/expose/2asdw54,Berlin (Niederschönhausen),600 €,3 Zi.,66 m²
https://www.immowelt.de/expose/2ahtw54,"Gustav-Tempel-Straße 6, Berlin (Alt-Hohenschönhausen)",2.145 €,3 Zi.,82.5 m²
https://www.immowelt.de/expose/2azzv54,Berlin (Weißensee),1.100 €,3 Zi.,85 m²
https://www.immowelt.de/expose/2accv54,"Düsseldorfer Str. 56, Berlin (Wilmersdorf)",746 €,1.5 Zi.,55 m²
https://www.immowelt.de/expose/2abcv54,"Düsseldorfer Str. 56a, Berlin (Wilmersdorf)",860 €,2.5 Zi.,64 m²
https://www.immowelt.de/expose/2av2955,Berlin (Oberschöneweide),661 €,1 Zi.,17.3 m²
https://www.immowelt.de/expose/2agx855,Berlin (Köpenick),899 €,1 Zi.,36 m²
https://www.immowelt.de/expose/2ahx855,Berlin (Oberschöneweide),612 €,1 Zi.,19.7 m²
https://www.immowelt.de/expose/2aceu54,"Bodelschwinghstraße 24, Berlin (Baumschulenweg)",689 €,1.5 Zi.,45.73 m²
https://www.immowelt.de/expose/2aszs54,Berlin (Spandau),1.990 €,3 Zi.,161 m²
https://www.immowelt.de/expose/2agau54,"Knorrpromenade 8, Berlin (Friedrichshain)",1.750 €,2 Zi.,68 m²
https://www.immowelt.de/expose/2aqes54,Berlin (Dahlem),625 €,2.5 Zi.,62 m²
https://www.immowelt.de/expose/2axpr54,"Simon-Bolivar-Straße 26, Berlin (Alt-Hohenschönhausen)",899 €,2 Zi.,66.04 m²
https://www.immowelt.de/expose/2assq54,"Salvador-Allende-Str. 76 B -, Berlin (Köpenick)","552,78 €",2 Zi.,59.33 m²
https://www.immowelt.de/expose/2ah3q54,"Kiekebuschstr. 9, Berlin (Köpenick)","283,75 €",1 Zi.,35 m²
https://www.immowelt.de/expose/2arzn54,"Knesebeckstraße 12, Berlin (Charlottenburg)",4.498 €,4 Zi.,198.9 m²
https://www.immowelt.de/expose/2a6yn54,Berlin (Steglitz),1.500 €,2 Zi.,67 m²
https://www.immowelt.de/expose/2axxn54,Berlin (Steglitz),1.500 €,2 Zi.,67 m²
https://www.immowelt.de/expose/2a6xn54,"Hedwig-Porschütz-Straße 26, Berlin (Mitte)",1.399 €,2 Zi.,63.37 m²
https://www.immowelt.de/expose/29j995x,Berlin (Hellersdorf),1.050 €,3 Zi.,59 m²
https://www.immowelt.de/expose/2awrl52,Berlin (Lichterfelde),2.000 €,2.5 Zi.,150 m²
https://www.immowelt.de/expose/26cph5n,Berlin (Karlshorst),939 €,2 Zi.,78.82 m²
https://www.immowelt.de/expose/2a4gh54,"Ingrid-Reschke-Straße 5, Berlin (Alt-Hohenschönhausen)",2.418 €,3 Zi.,93 m²
https://www.immowelt.de/expose/2aamf54,"Veitstr. 13 c, Berlin (Tegel)","1.071,60 €",1.5 Zi.,35.72 m²
https://www.immowelt.de/expose/2a4kf54,"Boxhagener Str. 114, Berlin (Friedrichshain)",2.790 €,3 Zi.,108 m²
https://www.immowelt.de/expose/2acye54,"Nehringstr. 12, Berlin (Charlottenburg)",1.040 €,2 Zi.,65 m²
https://www.immowelt.de/expose/2a6ff54,"Rodenbergstraße 1, Berlin (Prenzlauer Berg)",2.880 €,3 Zi.,116 m²
https://www.immowelt.de/expose/2apaf54,Berlin (Wilhelmshagen),1.590 €,4 Zi.,122.1 m²
https://www.immowelt.de/expose/2a2he54,Berlin (Lankwitz),870 €,2 Zi.,58 m²
https://www.immowelt.de/expose/2a9qe54,"Rosa-Luxemburg-Straße 19, Berlin (Mitte)",4.000 €,4 Zi.,131 m²
https://www.immowelt.de/expose/2a3ge54,Berlin (Charlottenburg),6.500 €,4 Zi.,174 m²
https://www.immowelt.de/expose/2atbe54,"Münchehagenstraße 62, Berlin (Karow)","770,21 €",4 Zi.,85.43 m²
https://www.immowelt.de/expose/2az5c54,"Ziegelstraße 24, Berlin (Mitte)",3.400 €,2.5 Zi.,137 m²
https://www.immowelt.de/expose/2ayya54,Berlin (Grunewald),7.290 €,7.5 Zi.,284 m²
https://www.immowelt.de/expose/2agx954,Berlin (Gesundbrunnen),1.212 €,2 Zi.,69 m²
https://www.immowelt.de/expose/2a5w954,Berlin (Mitte),1.350 €,3.5 Zi.,71 m²
https://www.immowelt.de/expose/28feq5f,Berlin (Biesdorf),1.600 €,2.5 Zi.,102 m²
https://www.immowelt.de/expose/2v47d44,"Helene-Jacobs-Straße 22, Berlin (Schmargendorf)",220 €,,
https://www.immowelt.de/expose/2aqs554,Berlin (Prenzlauer Berg),2.300 €,3 Zi.,95 m²
https://www.immowelt.de/expose/2a4s554,Berlin (Marzahn),408 €,3.5 Zi.,70 m²
https://www.immowelt.de/expose/2a6g254,"Spreestr. 8a, Berlin (Niederschöneweide)",489 €,1 Zi.,23 m²
https://www.immowelt.de/expose/2a3mx53,"Pufendorfstraße 4, 4A-D, Berlin (Friedrichshain)",2.340 €,3 Zi.,83.45 m²
https://www.immowelt.de/expose/2azz855,Berlin (Oberschöneweide),599 €,1 Zi.,12 m²
https://www.immowelt.de/expose/2axz855,Berlin (Oberschöneweide),594 €,1 Zi.,11.8 m²
https://www.immowelt.de/expose/2axy855,Berlin (Köpenick),798 €,1 Zi.,29 m²
https://www.immowelt.de/expose/2afkw53,"Wilhelm-Casper-Wegely-Platz 1, Berlin (Westend)",2.950 €,3 Zi.,74 m²
https://www.immowelt.de/expose/2ajx855,Berlin (Oberschöneweide),546 €,1 Zi.,12 m²
https://www.immowelt.de/expose/2adx855,Berlin (Oberschöneweide),618 €,1 Zi.,18 m²
https://www.immowelt.de/expose/2aghw53,"Liselotte-Herrmann-Straße 10, Berlin (Prenzlauer Berg)",1.720 €,2 Zi.,66 m²
https://www.immowelt.de/expose/2angw53,"Winsstraße 53, Berlin (Prenzlauer Berg)",2.800 €,4 Zi.,106 m²
https://www.immowelt.de/expose/2apfw53,"Paul-Robeson-Straße 43, Berlin (Prenzlauer Berg)",2.380 €,3 Zi.,104 m²
https://www.immowelt.de/expose/2acaw53,"Heisenbergstraße 5, Berlin (Charlottenburg)",3.890 €,4 Zi.,113 m²
https://www.immowelt.de/expose/2ay7w53,"Kurfürstendamm 167-168, Berlin (Wilmersdorf)",1.470 €,1 Zi.,37 m²
https://www.immowelt.de/expose/2aj6w53,"Cotheniusstraße 17, Berlin (Prenzlauer Berg)",2.190 €,3 Zi.,77 m²
https://www.immowelt.de/expose/2awxv53,"Rodenbergstraße 1, Berlin (Prenzlauer Berg)",2.610 €,3 Zi.,117 m²
https://www.immowelt.de/expose/2axuv53,"Rodenbergstraße 1, Berlin (Prenzlauer Berg)",1.810 €,2 Zi.,69 m²
https://www.immowelt.de/expose/2aptv53,"Rodenbergstraße 1, Berlin (Prenzlauer Berg)",2.990 €,5 Zi.,129 m²
https://www.immowelt.de/expose/2amsv53,"Karlsruher Str. 18b, Berlin (Halensee)",3.140 €,3 Zi.,96 m²
https://www.immowelt.de/expose/2a6kv53,"Genthiner Str. 51, Berlin (Tiergarten)",2.120 €,2 Zi.,61 m²
https://www.immowelt.de/expose/2a5tu53,"Hadlichstraße 24, Berlin (Pankow)","1.777,50 €",4 Zi.,118.5 m²
https://www.immowelt.de/expose/2aavr53,Berlin (Kreuzberg),1.000 €,2 Zi.,36 m²
https://www.immowelt.de/expose/2agfr53,Berlin-Spandau (Spandau),3.500 €,5 Zi.,200 m²
https://www.immowelt.de/expose/2axzp53,"Charlottenstr. 15, Berlin (Spandau)","835,65 €",3 Zi.,78.21 m²
https://www.immowelt.de/expose/29lpa5w,"Metzerstr 5, Berlin (Spandau)",950 €,2 Zi.,59 m²
https://www.immowelt.de/expose/29u6l5h,Berlin (Grunewald),4.990 €,3.5 Zi.,200 m²
https://www.immowelt.de/expose/2al2p53,"General-barby-straße 53, Berlin (Reinickendorf)",1.650 €,3 Zi.,80 m²
https://www.immowelt.de/expose/2atzh53,"Skarbinastr. 78, Berlin (Lichtenrade)","516,87 €",2 Zi.,63.89 m²
https://www.immowelt.de/expose/2anpg53,"Treskowstr. 22, Berlin (Heinersdorf)",1.350 €,2 Zi.,55.49 m²
https://www.immowelt.de/expose/2a29f53,Berlin (Wilmersdorf),1.707 €,2.5 Zi.,75.53 m²
https://www.immowelt.de/expose/2a7zz53,Berlin (Charlottenburg),2.350 €,3 Zi.,70 m²
https://www.immowelt.de/expose/2a7hc53,"Paulsborner Str. 76, Berlin (Halensee)",350 €,1 Zi.,48.08 m²
https://www.immowelt.de/expose/2ab6b53,Berlin (Friedrichshain),1.665 €,2 Zi.,56 m²
https://www.immowelt.de/expose/2a6x855,Berlin (Friedrichsfelde),745 €,1 Zi.,25.78 m²
https://www.immowelt.de/expose/2a4x855,Berlin (Friedrichsfelde),745 €,1 Zi.,27.83 m²
https://www.immowelt.de/expose/2agd853,"Gotenstr. 37, Berlin (Schöneberg)",2.000 €,3 Zi.,80 m²
https://www.immowelt.de/expose/2afq553,"Kneippstraße 35, Berlin (Hermsdorf)","997,35 €",2 Zi.,81.39 m²
https://www.immowelt.de/expose/2ayx453,Berlin (Charlottenburg),1.700 €,2 Zi.,54 m²
https://www.immowelt.de/expose/2afn453,Berlin (Schöneberg),3.000 €,4 Zi.,148 m²
https://www.immowelt.de/expose/2apb453,"Kastanienallee 136, Berlin (Hellersdorf)",489 €,1 Zi.,35.69 m²
https://www.immowelt.de/expose/2an7453,"Kastanienallee 108, Berlin (Hellersdorf)",689 €,3 Zi.,69.86 m²
https://www.immowelt.de/expose/2alz353,"Stendaler Straße 45, Berlin (Hellersdorf)",489 €,1 Zi.,34.38 m²
https://www.immowelt.de/expose/2a8w353,"Hellersdorfer Straße 233, Berlin (Hellersdorf)",769 €,3 Zi.,74.34 m²
https://www.immowelt.de/expose/2ap2955,Berlin (Prenzlauer Berg),1.115 €,1 Zi.,36.73 m²
https://www.immowelt.de/expose/2aj2955,Berlin (Prenzlauer Berg),1.485 €,2 Zi.,53.6 m²
https://www.immowelt.de/expose/2akez52,Berlin (Friedrichshain),990 €,2 Zi.,45.1 m²
https://www.immowelt.de/expose/2adky52,"kestenzeile 24, Berlin (Buckow)",1.350 €,2 Zi.,48 m²
https://www.immowelt.de/expose/2ajax52,"Bernauer Straße 108, Berlin (Tegel)",849 €,2 Zi.,58.13 m²
https://www.immowelt.de/expose/2aaas52,Berlin (Wedding),405 €,2 Zi.,51 m²
https://www.immowelt.de/expose/2ag5s52,Berlin (Moabit),500 €,1.5 Zi.,40 m²
https://www.immowelt.de/expose/2ad5s52,Berlin (Oberschöneweide),749 €,2 Zi.,88 m²
https://www.immowelt.de/expose/299u25y,Berlin (Spandau),1.200 €,2 Zi.,40 m²
https://www.immowelt.de/expose/297se5v,"Kiekebuschstr. 11, Berlin (Köpenick)",650 €,1 Zi.,33.5 m²
https://www.immowelt.de/expose/29b5u5n,Berlin (Grunewald),2.950 €,3 Zi.,141.75 m²
https://www.immowelt.de/expose/2aqxq52,Berlin (Neukölln),1.650 €,2 Zi.,86 m²
https://www.immowelt.de/expose/2a47n52,"Eichborndamm 84, Berlin (Reinickendorf)",720 €,2.5 Zi.,83 m²
https://www.immowelt.de/expose/2a5em52,"Treskowstraße 21, Berlin (Heinersdorf)","781,92 €",1 Zi.,32.58 m²
https://www.immowelt.de/expose/2a42m52,"Wilhelmstrasse 13, Berlin (Hermsdorf)","943,76 €",1 Zi.,35.75 m²
https://www.immowelt.de/expose/2ah6l52,"Am Tierpark 25, Berlin (Friedrichsfelde)",1.080 €,1 Zi.,34 m²
https://www.immowelt.de/expose/297vq5p,Berlin (Friedrichshain),1.900 €,2.5 Zi.,80 m²
https://www.immowelt.de/expose/2tt4e4t,"Reinbeckstraße 4-8, Berlin (Oberschöneweide)",330 €,1 Zi.,15 m²
https://www.immowelt.de/expose/2at2552,Berlin (Wilmersdorf),2.490 €,3 Zi.,91.2 m²
https://www.immowelt.de/expose/2amb352,"Parrisiusstr. 34, Berlin (Köpenick)","645,26 €",1 Zi.,46 m²
https://www.immowelt.de/expose/2ac3452,"Bergstraße 4, Berlin (Steglitz)",1.200 €,2 Zi.,56 m²
https://www.immowelt.de/expose/2agz352,"Gervinusstraße 2, Berlin (Charlottenburg)",1.712 €,3 Zi.,87 m²
https://www.immowelt.de/expose/2apu352,"Pfarrr-Theile-Str 85-99, Berlin (Spandau)",1.600 €,3 Zi.,80 m²
https://www.immowelt.de/expose/2alh352,Berlin (Friedrichshain),498 €,1 Zi.,36 m²
https://www.immowelt.de/expose/2ada352,Berlin (Pankow),"1.777,43 €",2 Zi.,91.15 m²
https://www.immowelt.de/expose/2a3p252,"Landsberger Allee 20-22, Berlin (Friedrichshain)",2.200 €,6 Zi.,130 m²
https://www.immowelt.de/expose/292cy5z,Berlin (Charlottenburg),2.300 €,2 Zi.,83 m²
https://www.immowelt.de/expose/29kbx5z,"Röbellweg 2, Berlin (Buch)",2.024 €,3 Zi.,153.39 m²
https://www.immowelt.de/expose/293lw5z,Berlin (Charlottenburg),2.100 €,2 Zi.,71 m²
https://www.immowelt.de/expose/29mzv5z,Berlin (Charlottenburg),2.200 €,2 Zi.,75 m²
https://www.immowelt.de/expose/29wmv5z,Berlin (Westend),1.590 €,2 Zi.,60 m²
https://www.immowelt.de/expose/29vkv5z,"Ingeborg-Feustel-Straße 5, Berlin (Hellersdorf)","705,67 €",2 Zi.,59.3 m²
https://www.immowelt.de/expose/29ukv5z,"Schonensche Straße 43, Berlin (Pankow)","1.634,03 €",3 Zi.,92 m²
https://www.immowelt.de/expose/29pkv5z,"Ingeborg-Feustel-Straße 1, Berlin (Hellersdorf)","540,38 €",1 Zi.,45.41 m²
https://www.immowelt.de/expose/29jkv5z,"Sarah-Kirsch-Straße 5, Berlin (Hellersdorf)","1.051,84 €",4 Zi.,88.39 m²
https://www.immowelt.de/expose/29rcu5z,"Wallstraße 18, Berlin (Mitte)",1.850 €,2 Zi.,63.7 m²
https://www.immowelt.de/expose/29mlt5z,"Rhinstraße 7, Berlin (Friedrichsfelde)",849 €,3 Zi.,71.2 m²
https://www.immowelt.de/expose/29rgt5z,"Rhinstraße 1, Berlin (Friedrichsfelde)",519 €,1 Zi.,37.17 m²
https://www.immowelt.de/expose/297dt5z,Berlin-Weißensee (Weißensee),1.348 €,4 Zi.,109 m²
https://www.immowelt.de/expose/292qr5z,"Röländer Straße 44, Berlin (Karow)",1.199 €,4 Zi.,87.69 m²
https://www.immowelt.de/expose/29d9r5z,"Freibergstrasse 6, Berlin (Mariendorf)",2.310 €,4 Zi.,140 m²
https://www.immowelt.de/expose/2am2955,Berlin (Lichtenberg),899 €,1 Zi.,15.23 m²
https://www.immowelt.de/expose/2ah2955,Berlin (Prenzlauer Berg),1.515 €,2 Zi.,53.6 m²
https://www.immowelt.de/expose/2ag2955,Berlin (Prenzlauer Berg),1.525 €,2 Zi.,55.28 m²
https://www.immowelt.de/expose/2959g5z,Berlin (Spandau),1.150 €,2.5 Zi.,66 m²
https://www.immowelt.de/expose/29bec5z,"Quartiersweg 4, Berlin (Schöneberg)","1.901,82 €",1.5 Zi.,88.87 m²
https://www.immowelt.de/expose/29rcc5z,"Simon-Bolivar-Str. 3, Berlin (Alt-Hohenschönhausen)",900 €,2 Zi.,53.7 m²
https://www.immowelt.de/expose/299395z,"Christburger Straße 18, Berlin (Prenzlauer Berg)",1.000 €,2.5 Zi.,121 m²
https://www.immowelt.de/expose/29c795z,"Uhlandstr. 61, Berlin (Wilmersdorf)",2.400 €,3 Zi.,135 m²
https://www.immowelt.de/expose/293pm5m,Berlin (Hellersdorf),750 €,2 Zi.,58 m²
https://www.immowelt.de/expose/29hcz5y,"Stresemannstraße 99, Berlin (Kreuzberg)",3.840 €,3 Zi.,149.92 m²
https://www.immowelt.de/expose/2acb453,Berlin (Charlottenburg),2.500 €,3 Zi.,70 m²
https://www.immowelt.de/expose/29r8v5y,"Kastanienallee 51, Berlin (Hellersdorf)","328,76 €",1 Zi.,24.72 m²
https://www.immowelt.de/expose/29blp5y,Berlin (Steglitz),1.980 €,3 Zi.,104 m²
https://www.immowelt.de/expose/2ae2955,Berlin (Mitte),1.397 €,2 Zi.,49.26 m²
https://www.immowelt.de/expose/2atw855,Berlin (Heinersdorf),1.010 €,1 Zi.,37.19 m²
https://www.immowelt.de/expose/2a2y855,Berlin (Friedrichsfelde),1.547 €,3 Zi.,71.87 m²
https://www.immowelt.de/expose/29grh5y,"Moltkestr. 52, Berlin (Lichterfelde)",1.250 €,3 Zi.,101.13 m²
https://www.immowelt.de/expose/29rff5y,"Konrad-Zuse-Straße 4, Berlin (Adlershof)","608,14 €",1 Zi.,41.37 m²
https://www.immowelt.de/expose/29wae5y,Berlin (Kreuzberg),1.600 €,3 Zi.,77 m²
https://www.immowelt.de/expose/29r9c5y,"Mühsamstraße 69, Berlin (Friedrichshain)",3.000 €,4 Zi.,136 m²
https://www.immowelt.de/expose/29jrc5y,"Gartenstraße WE 05. 11 85, Berlin (Gesundbrunnen)","2.344,04 €",4 Zi.,86 m²
https://www.immowelt.de/expose/298za5y,Berlin (Charlottenburg),2.900 €,4 Zi.,120 m²
https://www.immowelt.de/expose/29wuh5s,Berlin (Tiergarten),1.800 €,1 Zi.,100 m²
https://www.immowelt.de/expose/29rnx5l,"Johannisthaler Chaussee 433, Berlin (Gropiusstadt)",610 €,1 Zi.,15 m²
https://www.immowelt.de/expose/2ab2955,Berlin (Mitte),2.296 €,3 Zi.,81.32 m²
https://www.immowelt.de/expose/2aa2955,Berlin (Oberschöneweide),614 €,1 Zi.,18.5 m²
https://www.immowelt.de/expose/2a82955,Berlin (Oberschöneweide),625 €,1 Zi.,19.2 m²
https://www.immowelt.de/expose/2a72955,Berlin (Prenzlauer Berg),1.596 €,2 Zi.,52.53 m²
https://www.immowelt.de/expose/29b9z5x,Berlin (Mitte),1.150 €,2 Zi.,46 m²
https://www.immowelt.de/expose/29c2z5x,Berlin (Westend),1.100 €,1 Zi.,32 m²
https://www.immowelt.de/expose/297cw5x,Berlin (Wilmersdorf),920 €,2 Zi.,61 m²
https://www.immowelt.de/expose/28h755k,"Ilmenauer Straße 4, Berlin (Schmargendorf)",2.000 €,4 Zi.,115 m²
https://www.immowelt.de/expose/293a85x,Berlin-Wilmersdorf (Wilmersdorf),2.800 €,3 Zi.,106 m²
https://www.immowelt.de/expose/29y885x,Mahlsdorf (Mahlsdorf),2.350 €,3 Zi.,111 m²
https://www.immowelt.de/expose/29xmt5v,"Parkvierteralle Kladow  Berlini 61, Berlin (Spandau)",2.350 €,3 Zi.,81.5 m²
https://www.immowelt.de/expose/29wg35x,Berlin (Rahnsdorf),1.380 €,3 Zi.,76 m²
https://www.immowelt.de/expose/2a5l954,"Havelländer Ring 51, Berlin (Hellersdorf)",849 €,4 Zi.,81.4 m²
https://www.immowelt.de/expose/29h7z5w,Berlin (Kreuzberg),1.050 €,1 Zi.,38 m²
https://www.immowelt.de/expose/29d4y5w,"Große-Leege-Straße 49, Berlin (Alt-Hohenschönhausen)",879 €,2 Zi.,64.39 m²
https://www.immowelt.de/expose/27zcz5n,"Wilhelmshavener Str. 18, Berlin (Moabit)",1.300 €,2 Zi.,41 m²
https://www.immowelt.de/expose/29eev5w,"Charlottenstraße 11, Berlin (Spandau)","1.022,84 €",2 Zi.,73.06 m²
https://www.immowelt.de/expose/29dcq5w,Berlin (Mitte),3.500 €,4 Zi.,139.62 m²
https://www.immowelt.de/expose/2a32955,Berlin (Oberschöneweide),596 €,1 Zi.,11.8 m²
https://www.immowelt.de/expose/29m8h5w,"Schönhauser Allee 85, Berlin (Prenzlauer Berg)",2.000 €,2 Zi.,73 m²
https://www.immowelt.de/expose/29a5h5w,"Düppelstraße 28A, Berlin (Steglitz)",1.400 €,1 Zi.,37 m²
https://www.immowelt.de/expose/2984h5w,"Beusselstraße 65, Berlin (Moabit)",1.950 €,2 Zi.,74 m²
https://www.immowelt.de/expose/2932h5w,"Köpenicker Str. 79, Berlin (Mitte)",1.400 €,1 Zi.,36 m²
https://www.immowelt.de/expose/29ezg5w,"Heisenbergstraße 5, Berlin (Charlottenburg)",4.050 €,4 Zi.,114 m²
https://www.immowelt.de/expose/299wg5w,"Kantstraße 105, Berlin (Charlottenburg)",3.400 €,4 Zi.,107 m²
https://www.immowelt.de/expose/2atz855,Berlin (Mitte),1.549 €,2 Zi.,58 m²
https://www.immowelt.de/expose/2a9x855,Berlin (Friedrichsfelde),837 €,1 Zi.,29.22 m²
https://www.immowelt.de/expose/29ak95w,Berlin (Charlottenburg),3.100 €,3 Zi.,130 m²
https://www.immowelt.de/expose/29s885w,Berlin / Wilmersdorf (Schöneberg),4.275 €,8 Zi.,285 m²
https://www.immowelt.de/expose/29sr55w,Berlin (Charlottenburg),3.400 €,4 Zi.,133 m²
https://www.immowelt.de/expose/29tp55w,"Uhlandstr. 194 a, Berlin (Charlottenburg)",3.395 €,5 Zi.,194 m²
https://www.immowelt.de/expose/29sp55w,Berlin (Charlottenburg),4.177 €,6 Zi.,265 m²
https://www.immowelt.de/expose/29zk25w,Berlin (Wilmersdorf),2.100 €,3 Zi.,85.86 m²
https://www.immowelt.de/expose/295k25w,Berlin (Wilmersdorf),2.100 €,3 Zi.,85.86 m²
https://www.immowelt.de/expose/29kh25w,Berlin (Wilmersdorf),2.100 €,3 Zi.,85.86 m²
https://www.immowelt.de/expose/2aqz855,Berlin (Prenzlauer Berg),1.495 €,2 Zi.,53.6 m²
https://www.immowelt.de/expose/2asz855,Berlin (Prenzlauer Berg),1.148 €,1 Zi.,36.73 m²
https://www.immowelt.de/expose/29wns5v,Berlin (Tiergarten),2.800 €,3 Zi.,94 m²
https://www.immowelt.de/expose/29pns5v,Berlin (Tiergarten),2.800 €,3 Zi.,94 m²
https://www.immowelt.de/expose/29wrp5v,"Karlsruher strasse 18, Berlin (Halensee)",4.990 €,5 Zi.,160 m²
https://www.immowelt.de/expose/29ycn5v,Berlin (Dahlem),2.500 €,3 Zi.,164 m²
https://www.immowelt.de/expose/295q85v,Berlin (Johannisthal),1.499 €,4 Zi.,101 m²
https://www.immowelt.de/expose/2abx855,Berlin (Moabit),1.179 €,2 Zi.,47.48 m²
https://www.immowelt.de/expose/29jf85v,Berlin (Schöneberg),580 €,1 Zi.,35 m²
https://www.immowelt.de/expose/29h785v,"Rahnestraße 1, Berlin (Kaulsdorf)",1.050 €,3 Zi.,75 m²
https://www.immowelt.de/expose/298p45v,Berlin (Kaulsdorf),1.233 €,1 Zi.,12 m²
https://www.immowelt.de/expose/2a2ry54,"Stralauer allee 14, Berlin (Friedrichshain)",3.200 €,4 Zi.,106 m²
https://www.immowelt.de/expose/29slp5x,"Berlin, Friedrichshain (Friedrichshain) (Friedrichshain)",850 €,2 Zi.,35 m²
https://www.immowelt.de/expose/29wlp5x,"Berlin, Friedrichshain (Friedrichshain) (Friedrichshain)",850 €,2 Zi.,35 m²
https://www.immowelt.de/expose/29x3m5u,Berlin (Wilmersdorf),auf Anfrage,,
https://www.immowelt.de/expose/29h365x,"Kastanienallee 51, Berlin (Hellersdorf)","344,79 €",1 Zi.,27.91 m²
https://www.immowelt.de/expose/2aegz52,Berlin (Moabit),750 €,1 Zi.,22.35 m²
https://www.immowelt.de/expose/298y35u,"Rudi-Arndt-Straße 14, Berlin (Prenzlauer Berg)",3.360 €,4 Zi.,135.46 m²
https://www.immowelt.de/expose/2a3z855,Berlin (Oberschöneweide),639 €,1 Zi.,22.4 m²
https://www.immowelt.de/expose/2ahy855,Berlin (Oberschöneweide),588 €,1 Zi.,13.8 m²
https://www.immowelt.de/expose/2967j5t,"Malteser Straße 178 B, Berlin (Marienfelde)",747 €,2 Zi.,74.41 m²
https://www.immowelt.de/expose/294lg5t,"lentzeallee 15, Berlin (Dahlem)",6.227 €,4.5 Zi.,189 m²
https://www.immowelt.de/expose/29l3e5t,"Hauptstraße 81, Berlin (Lichtenberg)",895 €,1 Zi.,26.84 m²
https://www.immowelt.de/expose/2aax855,Berlin (Mitte),1.545 €,2 Zi.,47 m²
https://www.immowelt.de/expose/28zhr5u,"Spießweg 102, Berlin (Wittenau)",1.800 €,3.5 Zi.,95 m²
https://www.immowelt.de/expose/2alz855,Berlin (Oberschöneweide),619 €,1 Zi.,17.8 m²
https://www.immowelt.de/expose/2ahug52,Berlin (Tegel),995 €,2 Zi.,55 m²
https://www.immowelt.de/expose/29x7x5s,Berlin (Charlottenburg),3.900 €,4 Zi.,152 m²
https://www.immowelt.de/expose/29vgg5q,"Schlieperstraße 65, Berlin (Tegel)",1.650 €,3 Zi.,120.86 m²
https://www.immowelt.de/expose/29xmu5s,"Marienbader Straße 9a, Berlin (Schmargendorf)",4.150 €,4 Zi.,123 m²
https://www.immowelt.de/expose/2as2955,Berlin (Friedrichsfelde),827 €,1 Zi.,28.62 m²
https://www.immowelt.de/expose/29ujp5s,"Varziner Strasse 16, Berlin (Friedenau)",2.912 €,4 Zi.,104 m²
https://www.immowelt.de/expose/29t7y5s,Berlin (Kreuzberg),650 €,2 Zi.,44.58 m²
https://www.immowelt.de/expose/29ham5s,"Katharina-Boll-Dornberger-Strasse 24, Berlin (Adlershof)",1.399 €,3 Zi.,83.99 m²
https://www.immowelt.de/expose/296xk5s,Berlin (Mitte),26.500 €,4 Zi.,270 m²
https://www.immowelt.de/expose/29rvk5s,Berlin (Mitte),28.500 €,4 Zi.,295 m²
https://www.immowelt.de/expose/29z3j5s,"Große Hamburger Straße 18, Berlin (Mitte)",3.880 €,4 Zi.,176 m²
https://www.immowelt.de/expose/294jh5s,"Dennewitzstr. 43, Berlin (Schöneberg)",2.370 €,3 Zi.,94.06 m²
https://www.immowelt.de/expose/29gl85s,Berlin (Kaulsdorf),835 €,2 Zi.,66.8 m²
https://www.immowelt.de/expose/29rq25s,Berlin (Grunewald),7.500 €,3 Zi.,250.16 m²
https://www.immowelt.de/expose/298j25s,"Pfannschmidtstraße 25, Berlin (Karow)",749 €,2 Zi.,56.57 m²
https://www.immowelt.de/expose/294e25s,Berlin (Tiergarten),1.900 €,2 Zi.,64 m²
https://www.immowelt.de/expose/29uus5z,"Cunistraße 35, Berlin (Französisch Buchholz)",729 €,2 Zi.,57.61 m²
https://www.immowelt.de/expose/29xtz5r,"Walkenrieder Straße 18, Berlin (Britz)",1.350 €,2 Zi.,55 m²
https://www.immowelt.de/expose/29e4v5r,"Schönhauser Allee 85, Berlin (Prenzlauer Berg)",2.610 €,3 Zi.,94 m²
https://www.immowelt.de/expose/29r3v5r,"Schönhauser Allee 85, Berlin (Prenzlauer Berg)",2.020 €,2 Zi.,81 m²
https://www.immowelt.de/expose/29t2v5r,"Allerstraße 6, Berlin (Neukölln)",1.510 €,2 Zi.,52 m²
https://www.immowelt.de/expose/2992v5r,"Stuttgarter Str. 13, Berlin (Neukölln)",1.730 €,1 Zi.,49 m²
https://www.immowelt.de/expose/29lzu5r,"Weisestraße 51, Berlin (Neukölln)",1.400 €,2 Zi.,40 m²
https://www.immowelt.de/expose/29wxu5r,"Zwinglistraße 34, Berlin (Moabit)",1.970 €,2 Zi.,82 m²
https://www.immowelt.de/expose/29ywu5r,"Kurfürstendamm 167-168, Berlin (Wilmersdorf)",1.470 €,1 Zi.,37 m²
https://www.immowelt.de/expose/29tuu5r,"Lydia-Rabinowitsch-Straße 26, Berlin (Moabit)",2.790 €,3 Zi.,72 m²
https://www.immowelt.de/expose/29e355r,Berlin (Wilmersdorf),1.800 €,1.5 Zi.,50 m²
https://www.immowelt.de/expose/293a45r,Berlin (Frohnau),3.600 €,8 Zi.,282 m²
https://www.immowelt.de/expose/29mvz5q,"Stegerwaldstraße 40, Berlin (Marienfelde)",1.700 €,3 Zi.,74 m²
https://www.immowelt.de/expose/2az2b54,"Boxhagener Straße 76a, Berlin (Friedrichshain)","1.958,25 €",2 Zi.,73.12 m²
https://www.immowelt.de/expose/29tat5y,Berlin / Schöneberg (Schöneberg),1.350 €,2 Zi.,60 m²
https://www.immowelt.de/expose/29ewp5q,"Lentzeallee 15, Berlin (Dahlem)",3.866 €,4 Zi.,144 m²
https://www.immowelt.de/expose/29mrp5q,"Lentzeallee 15, Berlin (Dahlem)",6.407 €,5 Zi.,237 m²
https://www.immowelt.de/expose/29e6k5q,Berlin (Tiergarten),1.900 €,2 Zi.,64 m²
https://www.immowelt.de/expose/2ab5b54,"Rhinstraße 7, Berlin (Friedrichsfelde)",719 €,2 Zi.,57.35 m²
https://www.immowelt.de/expose/297jf5q,Berlin (Friedrichshain),"1.691,50 €",4 Zi.,67.66 m²
https://www.immowelt.de/expose/29xbf5q,Berlin (Friedrichshain),"1.501,50 €",3 Zi.,60.06 m²
https://www.immowelt.de/expose/29f7f5q,"Revaler Straße 17, Berlin (Friedrichshain)","1.519,75 €",3 Zi.,60.79 m²
https://www.immowelt.de/expose/2aty855,Berlin (Friedrichsfelde),1.548 €,3 Zi.,72.56 m²
https://www.immowelt.de/expose/29k455q,"Kurfürstendamm 167-168, Berlin (Wilmersdorf)",1.970 €,2 Zi.,54 m²
https://www.immowelt.de/expose/29x255q,"Kurfürstendamm 167-168, Berlin (Wilmersdorf)",1.480 €,1 Zi.,37 m²
https://www.immowelt.de/expose/2apy855,Berlin (Oberschöneweide),627 €,1 Zi.,20.4 m²
https://www.immowelt.de/expose/29jw35q,Berlin (Altglienicke),2.448 €,5 Zi.,102 m²
https://www.immowelt.de/expose/29yv25q,"Kurfürstenstraße 43, Berlin (Tiergarten)",2.960 €,3 Zi.,70 m²
https://www.immowelt.de/expose/29pnf5w,Berlin (Friedrichshain),5.490 €,4 Zi.,220 m²
https://www.immowelt.de/expose/29jk45q,Berlin / Mariendorf (Mariendorf),1.100 €,2 Zi.,63 m²
https://www.immowelt.de/expose/29uc25q,Berlin (Schmargendorf),3.900 €,5 Zi.,143 m²
https://www.immowelt.de/expose/293qy5p,Berlin / Kreuzberg (Kreuzberg),3.850 €,5 Zi.,150 m²
https://www.immowelt.de/expose/2aja255,Berlin (Charlottenburg),2.997 €,4 Zi.,111.7 m²
https://www.immowelt.de/expose/292mz5v,"Treskowstraße 19, Berlin (Niederschönhausen)",2.400 €,3 Zi.,134 m²
https://www.immowelt.de/expose/29bkv5y,"Rosenthaler Straße 6A, Berlin (Französisch Buchholz)",684 €,2 Zi.,57 m²
https://www.immowelt.de/expose/2956k5p,"Hauptstraße 81, Berlin (Lichtenberg)",2.055 €,4 Zi.,94.37 m²
https://www.immowelt.de/expose/29u4k5p,"Hauptstraße 81, Berlin (Lichtenberg)",1.575 €,3 Zi.,61.35 m²
https://www.immowelt.de/expose/29g3k5p,"Hauptstraße 81, Berlin (Lichtenberg)",1.455 €,2 Zi.,54.06 m²
https://www.immowelt.de/expose/2922k5p,"Hauptstraße 81, Berlin (Lichtenberg)",1.055 €,1 Zi.,29.22 m²
https://www.immowelt.de/expose/29byd5t,"Hauptstraße 81, Berlin (Lichtenberg)",1.075 €,1 Zi.,38.67 m²
https://www.immowelt.de/expose/29hxd5t,"Hauptstraße 81, Berlin (Lichtenberg)",990 €,1 Zi.,30.54 m²
https://www.immowelt.de/expose/29jx85p,Berlin (Charlottenburg),1.800 €,2 Zi.,60 m²
https://www.immowelt.de/expose/29rs75p,"Chausseestraße 92, Berlin (Mitte)",1.550 €,1 Zi.,43 m²
https://www.immowelt.de/expose/29ks75p,"Friedrichstraße 213, Berlin (Kreuzberg)",1.970 €,2 Zi.,65 m²
https://www.immowelt.de/expose/29as75p,"Heisenbergstraße 9, Berlin (Charlottenburg)",3.990 €,4 Zi.,116 m²
https://www.immowelt.de/expose/29nr75p,"Silbersteinstraße 36, Berlin (Neukölln)",1.500 €,2 Zi.,50 m²
https://www.immowelt.de/expose/29pm75p,"Schlesingerstraße 8, Berlin (Charlottenburg)",4.010 €,4 Zi.,118 m²
https://www.immowelt.de/expose/296f75p,"Heisenbergstraße 9, Berlin (Charlottenburg)",3.940 €,4 Zi.,115 m²
https://www.immowelt.de/expose/29e825p,Berlin (Charlottenburg),2.400 €,3 Zi.,80 m²
https://www.immowelt.de/expose/293935n,Berlin (Charlottenburg),2.300 €,2 Zi.,80 m²
https://www.immowelt.de/expose/29y835n,Berlin (Charlottenburg),2.100 €,2 Zi.,71 m²
https://www.immowelt.de/expose/29s835n,Berlin (Charlottenburg),2.500 €,3 Zi.,89 m²
https://www.immowelt.de/expose/2azx855,Berlin (Oberschöneweide),657 €,1 Zi.,18.4 m²
https://www.immowelt.de/expose/29yey5m,Berlin (Friedrichshain),1.650 €,2 Zi.,66 m²
https://www.immowelt.de/expose/29ber5v,"Myslowitzer Strasse 11, Berlin (Kaulsdorf)","1.159,17 €",3 Zi.,96.84 m²
https://www.immowelt.de/expose/292by5z,"Hofzeichendamm 29, Berlin (Karow)","398,72 €",2 Zi.,44.75 m²
https://www.immowelt.de/expose/29wqd5m,"Detmolder Str. 19, Berlin (Wilmersdorf)",2.250 €,2 Zi.,79.16 m²
https://www.immowelt.de/expose/299sc5m,"Blissestr. 68, Berlin (Wilmersdorf)",2.500 €,2 Zi.,102.08 m²
https://www.immowelt.de/expose/2asba53,"Exerzierstr. 29, Berlin (Gesundbrunnen)","597,90 €",1 Zi.,39.86 m²
https://www.immowelt.de/expose/29l935m,Berlin (Wilmersdorf),3.276 €,7 Zi.,182 m²
https://www.immowelt.de/expose/298v25m,Berlin (Halensee),2.430 €,4 Zi.,135 m²
https://www.immowelt.de/expose/29ln85y,Berlin (Mitte),"3.354,88 €",4 Zi.,185.5 m²
https://www.immowelt.de/expose/29vuj5k,Berlin (Friedenau),1.650 €,2 Zi.,58 m²
https://www.immowelt.de/expose/294fh5k,"Mühlenstraße 20, Berlin (Friedrichshain)",2.330 €,2 Zi.,55 m²
https://www.immowelt.de/expose/29gch5k,"Boxhagener Str. 114, Berlin (Friedrichshain)",3.290 €,3 Zi.,108 m²
https://www.immowelt.de/expose/299bh5k,"Marienbader Str. 9, Berlin (Schmargendorf)",1.470 €,2 Zi.,40 m²
https://www.immowelt.de/expose/29zfg5k,Berlin (Dahlem),1.950 €,2 Zi.,80 m²
https://www.immowelt.de/expose/29yab5k,Berlin (Konradshöhe),3.250 €,4 Zi.,145 m²
https://www.immowelt.de/expose/2acy855,Berlin (Friedrichsfelde),1.744 €,3 Zi.,66.5 m²
https://www.immowelt.de/expose/292ty5j,"Ahrenshooper Straße 12, Berlin (Neu-Hohenschönhausen)",599 €,2 Zi.,47.54 m²
https://www.immowelt.de/expose/29qjx5j,Berlin (Dahlem),1.480 €,2 Zi.,62 m²
https://www.immowelt.de/expose/29b2n5l,Berlin / Grunewald (Grunewald),4.700 €,4 Zi.,145 m²
https://www.immowelt.de/expose/29y7t5j,"Kantstraße 126, Berlin (Charlottenburg)",11.500 €,5 Zi.,272 m²
https://www.immowelt.de/expose/2az8555,"Hohenzollerndamm 57, Berlin (Schmargendorf)","1.458,50 €",2 Zi.,69.45 m²
https://www.immowelt.de/expose/2ady855,Berlin (Oberschöneweide),614 €,1 Zi.,18.5 m²
https://www.immowelt.de/expose/294pz5w,"Bellevuestraße 1, Berlin (Tiergarten)",2.500 €,2 Zi.,126 m²
https://www.immowelt.de/expose/29qnk5j,Berlin (Kladow),1.145 €,2 Zi.,54.6 m²
https://www.immowelt.de/expose/2966j5j,Berlin (Rahnsdorf),1.380 €,3 Zi.,76 m²
https://www.immowelt.de/expose/29z4n5q,"Fritz-Werner-Straße 56a, Berlin / Mariendorf (Mariendorf)",1.552 €,4 Zi.,97.07 m²
https://www.immowelt.de/expose/297cs5v,Berlin (Mitte),"3.276,91 €",4 Zi.,185.5 m²
https://www.immowelt.de/expose/29n885y,Berlin (Mitte),"3.464,94 €",4 Zi.,190.2 m²
https://www.immowelt.de/expose/29y245j,"Pariser Platz 4 a, Berlin (Mitte)",8.000 €,3 Zi.,203 m²
https://www.immowelt.de/expose/2amy855,Berlin (Oberschöneweide),616 €,1 Zi.,18.4 m²
https://www.immowelt.de/expose/296b25j,"Pariser Platz 4 a, Berlin (Mitte)",6.100 €,3 Zi.,154 m²
https://www.immowelt.de/expose/294lz5h,"Pariser Platz 4 a, Berlin (Mitte)",2.750 €,2 Zi.,76 m²
https://www.immowelt.de/expose/2928v5h,Berlin (Wedding),2.050 €,3 Zi.,87 m²
https://www.immowelt.de/expose/2aby855,Berlin (Friedrichsfelde),1.399 €,2 Zi.,62.06 m²
https://www.immowelt.de/expose/2aay855,Berlin (Friedrichsfelde),797 €,1 Zi.,29.7 m²
https://www.immowelt.de/expose/294dj5s,Berlin (Mitte),"1.698,89 €",2 Zi.,65.37 m²
https://www.immowelt.de/expose/29fue5h,Berlin / Prenzlauer Berg (Prenzlauer Berg),4.000 €,4 Zi.,175 m²
https://www.immowelt.de/expose/29x6z5z,Berlin (Prenzlauer Berg),3.320 €,8 Zi.,158.25 m²
https://www.immowelt.de/expose/2ar2955,Berlin (Friedrichsfelde),849 €,1 Zi.,29.7 m²
https://www.immowelt.de/expose/2a6y855,Berlin (Alt-Treptow),1.497 €,2 Zi.,60 m²
https://www.immowelt.de/expose/29uhl5g,"Jahnstraße 15A, Berlin (Kreuzberg)",1.820 €,2 Zi.,56 m²
https://www.immowelt.de/expose/29vbl5g,"Kurfürstendamm 167-168, Berlin (Wilmersdorf)",1.470 €,1 Zi.,37 m²
https://www.immowelt.de/expose/2982l5g,"Lützowstraße 110, Berlin (Tiergarten)",2.680 €,3 Zi.,74 m²
https://www.immowelt.de/expose/29hxk5g,"Mühlenstraße 20, Berlin (Friedrichshain)",2.180 €,2 Zi.,56 m²
https://www.immowelt.de/expose/29wwf5g,Berlin (Dahlem),1.950 €,3 Zi.,80 m²
https://www.immowelt.de/expose/2a9y855,Berlin (Moabit),1.255 €,2 Zi.,46.5 m²
https://www.immowelt.de/expose/295r55g,Berlin (Mitte),2.245 €,2 Zi.,70.17 m²
https://www.immowelt.de/expose/29wtu5r,Berlin (Friedrichsfelde),895 €,1 Zi.,33.11 m²
https://www.immowelt.de/expose/29sxw5f,"Kolonnenstraße 20, Berlin (Schöneberg)",3.850 €,4 Zi.,145 m²
https://www.immowelt.de/expose/29gvv5f,"Auerstraße 47, Berlin (Friedrichshain)",2.040 €,2 Zi.,65 m²
https://www.immowelt.de/expose/29auv5f,"Rosenthaler Str. 44, Berlin (Mitte)",3.320 €,2 Zi.,69 m²
https://www.immowelt.de/expose/294su5f,"Köpenicker Str. 79, Berlin (Mitte)",1.400 €,1 Zi.,40 m²
https://www.immowelt.de/expose/29udk5v,"Grünauer Straße 75, Berlin (Köpenick)",1.156 €,3 Zi.,68 m²
https://www.immowelt.de/expose/2972u5f,Berlin (Steglitz),1.600 €,2 Zi.,57 m²
https://www.immowelt.de/expose/29tcl5f,Berlin (Grunewald),3.500 €,3 Zi.,213 m²
https://www.immowelt.de/expose/2ag2753,"Hilda-Geiringer-Weg 9, Berlin (Moabit)",2.520 €,2 Zi.,99 m²
https://www.immowelt.de/expose/2936h5f,"Grünauer Straße 75, Berlin (Köpenick)","1.248,99 €",3 Zi.,73.47 m²
https://www.immowelt.de/expose/2a7vl53,"Nestorstr. 11, Berlin (Halensee)",1.273 €,2 Zi.,72.75 m²
https://www.immowelt.de/expose/29dc85x,Berlin-Köpenick (Köpenick),2.040 €,3 Zi.,120 m²
https://www.immowelt.de/expose/2a3y855,Berlin (Oberschöneweide),"661,80 €",1 Zi.,17.3 m²
https://www.immowelt.de/expose/2arba53,"Charlottenstr. 15, Berlin (Spandau)",605 €,2 Zi.,33.62 m²
https://www.immowelt.de/expose/293pd5e,"Müggelseedamm 174, Berlin-Friedrichshagen (Friedrichshagen)",1.867 €,3 Zi.,97 m²
https://www.immowelt.de/expose/299aa5e,Berlin (Friedenau),1.700 €,1 Zi.,113.4 m²
https://www.immowelt.de/expose/29y9a5e,Berlin (Friedenau),1.700 €,1 Zi.,113.4 m²
https://www.immowelt.de/expose/296nd5j,"Kolmarer Straße 6, Berlin (Prenzlauer Berg)",3.400 €,4 Zi.,154 m²
https://www.immowelt.de/expose/29dxk5d,"Schönwalder Str. 87, Berlin (Spandau)","1.299,77 €",2 Zi.,71.22 m²
https://www.immowelt.de/expose/29bxk5d,"Schönwalder Str. 87, Berlin (Spandau)","1.499,23 €",3 Zi.,83.06 m²
https://www.immowelt.de/expose/299xk5d,"Schönwalder Str. 87, Berlin (Spandau)","1.599,90 €",3 Zi.,97.14 m²
https://www.immowelt.de/expose/298xk5d,"Schönwalder Str. 87, Berlin (Spandau)","1.499,73 €",3 Zi.,85.65 m²
https://www.immowelt.de/expose/296lg5p,Berlin (Dahlem),1.455 €,2 Zi.,107.5 m²
https://www.immowelt.de/expose/2azw855,Berlin (Friedrichsfelde),827 €,1 Zi.,28.62 m²
https://www.immowelt.de/expose/2axw855,Berlin (Friedrichsfelde),827 €,1 Zi.,28.62 m²
https://www.immowelt.de/expose/2aww855,Berlin (Friedrichsfelde),830 €,1 Zi.,29.96 m²
https://www.immowelt.de/expose/2avw855,Berlin (Friedrichsfelde),828 €,1 Zi.,30.3 m²
https://www.immowelt.de/expose/2agy855,Berlin (Friedrichsfelde),745 €,1 Zi.,27.57 m²
https://www.immowelt.de/expose/29ml45s,Berlin (Charlottenburg),4.600 €,5 Zi.,201 m²
https://www.immowelt.de/expose/29eus5c,"Dennewitzstr. 42, Berlin (Schöneberg)",2.010 €,2 Zi.,71.96 m²
https://www.immowelt.de/expose/29dby5s,Berlin (Niederschöneweide),1.200 €,2 Zi.,56 m²
https://www.immowelt.de/expose/29c8e5c,"Arcostraße 3, Berlin (Charlottenburg)",1.720 €,2 Zi.,56 m²
https://www.immowelt.de/expose/29a7e5c,"Wilhelmine-Gemberg-Weg 1, Berlin (Mitte)",2.820 €,3 Zi.,67 m²
https://www.immowelt.de/expose/29u6e5c,"Nürnberger Str. 68, Berlin (Schöneberg)",2.370 €,2 Zi.,58 m²
https://www.immowelt.de/expose/29a6e5c,"Habersaathstraße 30, Berlin (Mitte)",1.620 €,2 Zi.,50 m²
https://www.immowelt.de/expose/29y5e5c,"Rosenthaler Str. 45, Berlin (Mitte)",4.270 €,3 Zi.,93 m²
https://www.immowelt.de/expose/2awx855,Berlin (Oberschöneweide),618 €,1 Zi.,17 m²
https://www.immowelt.de/expose/29yxj5b,"Lützowstraße 38, Berlin (Tiergarten)",2.380 €,3 Zi.,75 m²
https://www.immowelt.de/expose/29h475b,Berlin (Friedrichshain),3.590 €,5 Zi.,240 m²
https://www.immowelt.de/expose/29qnp5a,"Rodenbergstraße 1, Berlin (Prenzlauer Berg)",1.840 €,2 Zi.,68 m²
https://www.immowelt.de/expose/29v6m5a,"Schönhauser Allee 85, Berlin (Prenzlauer Berg)",1.880 €,2 Zi.,73 m²
https://www.immowelt.de/expose/29fpl5a,"Schönhauser Allee 85, Berlin (Prenzlauer Berg)",1.850 €,2 Zi.,71 m²
https://www.immowelt.de/expose/29jhl5a,"Schönhauser Allee 85, Berlin (Prenzlauer Berg)",2.010 €,2 Zi.,80 m²
https://www.immowelt.de/expose/29n8c5a,"Dennewitzstr. 43, Berlin (Schöneberg)",2.545 €,3 Zi.,98.27 m²
https://www.immowelt.de/expose/29b2w5z,"Schulzendorfer Straße 23, Berlin (Gesundbrunnen)",2.200 €,2 Zi.,99 m²
https://www.immowelt.de/expose/29r6a5a,"Eichhorster Straße 14, Berlin (Marzahn)",1.776 €,4 Zi.,111 m²
https://www.immowelt.de/expose/29qgr59,"Sonnenallee 149, Berlin (Neukölln)",1.550 €,2 Zi.,51 m²
https://www.immowelt.de/expose/297er59,"Rollbergstraße 1, Berlin (Neukölln)",1.850 €,2 Zi.,72 m²
https://www.immowelt.de/expose/2995r59,"Schlesingerstraße 6, Berlin (Charlottenburg)",3.040 €,3 Zi.,87 m²
https://www.immowelt.de/expose/2942r59,"Karl-Marx-Straße 190, Berlin (Neukölln)",2.820 €,3 Zi.,108 m²
https://www.immowelt.de/expose/2avx855,Berlin (Oberschöneweide),614 €,1 Zi.,18.9 m²
https://www.immowelt.de/expose/2ahw252,Berlin (Pankow),"1.420,90 €",2 Zi.,68.51 m²
https://www.immowelt.de/expose/295tk5w,Berlin (Pankow),"1.910,16 €",3 Zi.,89.26 m²
https://www.immowelt.de/expose/29h465q,Berlin (Pankow),"3.641,43 €",4 Zi.,149.3 m²
https://www.immowelt.de/expose/29ctr58,Berlin (Mitte),2.700 €,2 Zi.,69 m²
https://www.immowelt.de/expose/29ey55n,Berlin (Spandau),1.260 €,2 Zi.,64.61 m²
https://www.immowelt.de/expose/2anx855,Berlin (Marienfelde),800 €,1 Zi.,26 m²
https://www.immowelt.de/expose/2924b5s,Berlin (Oberschöneweide),600 €,1 Zi.,17.6 m²
https://www.immowelt.de/expose/2aux855,Berlin (Mitte),1.705 €,2 Zi.,57.73 m²
https://www.immowelt.de/expose/2a4y855,Berlin (Oberschöneweide),619 €,1 Zi.,17.7 m²
https://www.immowelt.de/expose/2aqx855,Berlin (Oberschöneweide),603 €,1 Zi.,17 m²
https://www.immowelt.de/expose/2asx855,Berlin (Moabit),863 €,1 Zi.,22.35 m²
https://www.immowelt.de/expose/2apx855,Berlin (Moabit),1.315 €,2 Zi.,46.75 m²
https://www.immowelt.de/expose/29p4n5v,Berlin (Tiergarten),2.995 €,3 Zi.,110.97 m²
https://www.immowelt.de/expose/29tuv56,Berlin (Rahnsdorf),1.380 €,3 Zi.,76 m²
https://www.immowelt.de/expose/29swu56,Berlin (Rummelsburg),1.976 €,3 Zi.,122 m²
https://www.immowelt.de/expose/2ayeq54,Berlin (Rahnsdorf),940 €,2 Zi.,56 m²
https://www.immowelt.de/expose/29g7w5n,Berlin (Kladow),2.150 €,4 Zi.,107.73 m²
https://www.immowelt.de/expose/29hk55w,"Neue Bahnhofstraße 26b, Berlin (Friedrichshain)","1.563,70 €",2 Zi.,82.3 m²
https://www.immowelt.de/expose/2akx855,Berlin (Oberschöneweide),602 €,1 Zi.,17.3 m²
https://www.immowelt.de/expose/29l545r,"Prenzlauer Promenade 49d, Berlin (Heinersdorf)",890 €,1 Zi.,44.37 m²
https://www.immowelt.de/expose/29k445r,"Prenzlauer Promenade 49f, Berlin (Heinersdorf)",1.190 €,2 Zi.,59.21 m²
https://www.immowelt.de/expose/2afy855,Berlin (Moabit),945 €,1 Zi.,22.35 m²
https://www.immowelt.de/expose/29g5y5l,Berlin (Karlshorst),2.970 €,4 Zi.,165 m²
https://www.immowelt.de/expose/29tkv5e,Berlin (Tiergarten),2.995 €,3 Zi.,110.97 m²
https://www.immowelt.de/expose/2aez855,Berlin (Marienfelde),849 €,1 Zi.,30 m²
https://www.immowelt.de/expose/29qla53,"Monbijoustraße 3/5, Berlin (Mitte)",9.850 €,8 Zi.,375 m²
https://www.immowelt.de/expose/2879s5z,"Lützowstraße 110, Berlin (Tiergarten)",1.720 €,2 Zi.,43 m²
https://www.immowelt.de/expose/29nv55w,Berlin (Hermsdorf),2.600 €,3 Zi.,233 m²
https://www.immowelt.de/expose/2amdd52,Berlin (Charlottenburg),400 €,1 Zi.,20 m²
https://www.immowelt.de/expose/28z3u5y,"Prenzlauer Promenade 49E, Berlin (Heinersdorf)",2.000 €,3 Zi.,87.08 m²
https://www.immowelt.de/expose/28emc5y,Berlin (Nikolassee),5.900 €,7 Zi.,253 m²
https://www.immowelt.de/expose/2837a5y,Berlin (Schöneberg),2.200 €,3 Zi.,110 m²
https://www.immowelt.de/expose/2ayx855,Berlin (Oberschöneweide),596 €,1 Zi.,18.5 m²
https://www.immowelt.de/expose/2alx855,Berlin (Marienfelde),2.049 €,4 Zi.,122 m²
https://www.immowelt.de/expose/2ayxx54,"Arnouxstraße 25, Berlin (Französisch Buchholz)",1.099 €,3 Zi.,74.23 m²
https://www.immowelt.de/expose/28yvk5x,"Gabriel-Max-Straße 16, Berlin (Friedrichshain)",1.400 €,1 Zi.,31 m²
https://www.immowelt.de/expose/28cn35x,"Dennewitzstr. 41, Berlin (Schöneberg)",2.655 €,4 Zi.,103.32 m²
https://www.immowelt.de/expose/28kc35x,"Dennewitzstr. 42, Berlin (Schöneberg)",1.870 €,2 Zi.,71.97 m²
https://www.immowelt.de/expose/28n835x,"Dennewitzstr. 42, Berlin (Schöneberg)",2.325 €,2 Zi.,86.45 m²
